site_slug,date,day_active,slot_count
aberdeen,Monday 5 October 2026,True,0
aberdeen,Tuesday 6 October 2026,True,2
aberdeen,Wednesday 7 October 2026,True,0
aberdeen,Thursday 8 October 2026,True,0
aberdeen,Friday 9 October 2026,True,0
aberdeen,Saturday 10 October 2026,True,0
aberdeen,Sunday 11 October 2026,True,0
aberdeen,Monday 12 October 2026,True,0
aberdeen,Tuesday 13 October 2026,True,0
aberdeen,Wednesday 14 October 2026,True,0
aberdeen,Thursday 15 October 2026,True,0
aberdeen,Friday 16 October 2026,True,0
aberdeen,Saturday 17 October 2026,True,0
aberdeen,Sunday 18 October 2026,True,0
aylesbury,Monday 5 October 2026,True,0
aylesbury,Tuesday 6 October 2026,True,1
aylesbury,Wednesday 7 October 2026,True,5
aylesbury,Thursday 8 October 2026,True,0
aylesbury,Friday 9 October 2026,True,0
aylesbury,Saturday 10 October 2026,True,0
aylesbury,Sunday 11 October 2026,True,0
aylesbury,Monday 12 October 2026,True,4
aylesbury,Tuesday 13 October 2026,True,3
aylesbury,Wednesday 14 October 2026,True,0
aylesbury,Thursday 15 October 2026,True,8
aylesbury,Friday 16 October 2026,True,6
aylesbury,Saturday 17 October 2026,True,0
aylesbury,Sunday 18 October 2026,True,0
london-battersea,Monday 5 October 2026,True,0
london-battersea,Tuesday 6 October 2026,True,0
london-battersea,Wednesday 7 October 2026,True,4
london-battersea,Thursday 8 October 2026,True,3
london-battersea,Friday 9 October 2026,True,2
london-battersea,Saturday 10 October 2026,True,4
london-battersea,Sunday 11 October 2026,True,0
london-battersea,Monday 12 October 2026,True,0
london-battersea,Tuesday 13 October 2026,True,0
london-battersea,Wednesday 14 October 2026,True,6
london-battersea,Thursday 15 October 2026,True,8
london-battersea,Friday 16 October 2026,True,5
london-battersea,Saturday 17 October 2026,True,4
london-battersea,Sunday 18 October 2026,True,0
london-bloomsbury,Monday 5 October 2026,True,0
london-bloomsbury,Tuesday 6 October 2026,True,0
london-bloomsbury,Wednesday 7 October 2026,True,0
london-bloomsbury,Thursday 8 October 2026,True,0
london-bloomsbury,Friday 9 October 2026,True,1
london-bloomsbury,Saturday 10 October 2026,True,0
london-bloomsbury,Sunday 11 October 2026,True,0
london-bloomsbury,Monday 12 October 2026,True,0
london-bloomsbury,Tuesday 13 October 2026,True,0
london-bloomsbury,Wednesday 14 October 2026,True,0
london-bloomsbury,Thursday 15 October 2026,True,0
london-bloomsbury,Friday 16 October 2026,True,0
london-bloomsbury,Saturday 17 October 2026,True,0
london-bloomsbury,Sunday 18 October 2026,True,0
bolton,Monday 5 October 2026,True,0
bolton,Tuesday 6 October 2026,True,0
bolton,Wednesday 7 October 2026,True,0
bolton,Thursday 8 October 2026,True,0
bolton,Friday 9 October 2026,True,0
bolton,Saturday 10 October 2026,True,0
bolton,Sunday 11 October 2026,True,0
bolton,Monday 12 October 2026,True,0
bolton,Tuesday 13 October 2026,True,6
bolton,Wednesday 14 October 2026,True,0
bolton,Thursday 15 October 2026,True,5
bolton,Friday 16 October 2026,True,0
bolton,Saturday 17 October 2026,True,0
bolton,Sunday 18 October 2026,True,0
bournemouth,Monday 5 October 2026,True,0
bournemouth,Tuesday 6 October 2026,True,0
bournemouth,Wednesday 7 October 2026,True,1
bournemouth,Thursday 8 October 2026,True,0
bournemouth,Friday 9 October 2026,True,0
bournemouth,Saturday 10 October 2026,True,0
bournemouth,Sunday 11 October 2026,True,0
bournemouth,Monday 12 October 2026,True,0
bournemouth,Tuesday 13 October 2026,True,0
bournemouth,Wednesday 14 October 2026,True,0
bournemouth,Thursday 15 October 2026,True,0
bournemouth,Friday 16 October 2026,True,0
bournemouth,Saturday 17 October 2026,True,0
bournemouth,Sunday 18 October 2026,True,0
brentwood,Monday 5 October 2026,True,0
brentwood,Tuesday 6 October 2026,True,0
brentwood,Wednesday 7 October 2026,True,0
brentwood,Thursday 8 October 2026,True,0
brentwood,Friday 9 October 2026,True,1
brentwood,Saturday 10 October 2026,True,0
brentwood,Sunday 11 October 2026,True,0
brentwood,Monday 12 October 2026,True,0
brentwood,Tuesday 13 October 2026,True,0
brentwood,Wednesday 14 October 2026,True,0
brentwood,Thursday 15 October 2026,True,0
brentwood,Friday 16 October 2026,True,0
brentwood,Saturday 17 October 2026,True,0
brentwood,Sunday 18 October 2026,True,0
brighton,Monday 5 October 2026,True,0
brighton,Tuesday 6 October 2026,True,2
brighton,Wednesday 7 October 2026,True,2
brighton,Thursday 8 October 2026,True,0
brighton,Friday 9 October 2026,True,5
brighton,Saturday 10 October 2026,True,0
brighton,Sunday 11 October 2026,True,0
brighton,Monday 12 October 2026,True,0
brighton,Tuesday 13 October 2026,True,0
brighton,Wednesday 14 October 2026,True,2
brighton,Thursday 15 October 2026,True,0
brighton,Friday 16 October 2026,True,2
brighton,Saturday 17 October 2026,True,0
brighton,Sunday 18 October 2026,True,0
bristol-clifton,Monday 5 October 2026,True,0
bristol-clifton,Tuesday 6 October 2026,True,0
bristol-clifton,Wednesday 7 October 2026,True,0
bristol-clifton,Thursday 8 October 2026,True,1
bristol-clifton,Friday 9 October 2026,True,0
bristol-clifton,Saturday 10 October 2026,True,0
bristol-clifton,Sunday 11 October 2026,True,0
bristol-clifton,Monday 12 October 2026,True,1
bristol-clifton,Tuesday 13 October 2026,True,5
bristol-clifton,Wednesday 14 October 2026,True,2
bristol-clifton,Thursday 15 October 2026,True,1
bristol-clifton,Friday 16 October 2026,True,0
bristol-clifton,Saturday 17 October 2026,True,0
bristol-clifton,Sunday 18 October 2026,True,0
bristol,Monday 5 October 2026,True,0
bristol,Tuesday 6 October 2026,True,0
bristol,Wednesday 7 October 2026,True,0
bristol,Thursday 8 October 2026,True,0
bristol,Friday 9 October 2026,True,0
bristol,Saturday 10 October 2026,True,0
bristol,Sunday 11 October 2026,True,0
bristol,Monday 12 October 2026,True,0
bristol,Tuesday 13 October 2026,True,0
bristol,Wednesday 14 October 2026,True,0
bristol,Thursday 15 October 2026,True,0
bristol,Friday 16 October 2026,True,0
bristol,Saturday 17 October 2026,True,0
bristol,Sunday 18 October 2026,True,0
bristol-north,Monday 5 October 2026,True,0
bristol-north,Tuesday 6 October 2026,True,0
bristol-north,Wednesday 7 October 2026,True,0
bristol-north,Thursday 8 October 2026,True,1
bristol-north,Friday 9 October 2026,True,0
bristol-north,Saturday 10 October 2026,True,0
bristol-north,Sunday 11 October 2026,True,0
bristol-north,Monday 12 October 2026,True,1
bristol-north,Tuesday 13 October 2026,True,1
bristol-north,Wednesday 14 October 2026,True,4
bristol-north,Thursday 15 October 2026,True,5
bristol-north,Friday 16 October 2026,True,2
bristol-north,Saturday 17 October 2026,True,0
bristol-north,Sunday 18 October 2026,True,0
bromley,Monday 5 October 2026,True,0
bromley,Tuesday 6 October 2026,True,0
bromley,Wednesday 7 October 2026,True,0
bromley,Thursday 8 October 2026,True,0
bromley,Friday 9 October 2026,True,5
bromley,Saturday 10 October 2026,True,0
bromley,Sunday 11 October 2026,True,0
bromley,Monday 12 October 2026,True,4
bromley,Tuesday 13 October 2026,True,3
bromley,Wednesday 14 October 2026,True,6
bromley,Thursday 15 October 2026,True,5
bromley,Friday 16 October 2026,True,0
bromley,Saturday 17 October 2026,True,0
bromley,Sunday 18 October 2026,True,0
brondesbury-park,Monday 5 October 2026,True,0
brondesbury-park,Tuesday 6 October 2026,True,0
brondesbury-park,Wednesday 7 October 2026,True,0
brondesbury-park,Thursday 8 October 2026,True,0
brondesbury-park,Friday 9 October 2026,True,0
brondesbury-park,Saturday 10 October 2026,True,0
brondesbury-park,Sunday 11 October 2026,True,0
brondesbury-park,Monday 12 October 2026,True,0
brondesbury-park,Tuesday 13 October 2026,True,0
brondesbury-park,Wednesday 14 October 2026,True,0
brondesbury-park,Thursday 15 October 2026,True,0
brondesbury-park,Friday 16 October 2026,True,0
brondesbury-park,Saturday 17 October 2026,True,0
brondesbury-park,Sunday 18 October 2026,True,0
cambridge-gym,Monday 5 October 2026,True,0
cambridge-gym,Tuesday 6 October 2026,True,0
cambridge-gym,Wednesday 7 October 2026,True,0
cambridge-gym,Thursday 8 October 2026,True,0
cambridge-gym,Friday 9 October 2026,True,0
cambridge-gym,Saturday 10 October 2026,True,0
cambridge-gym,Sunday 11 October 2026,True,0
cambridge-gym,Monday 12 October 2026,True,0
cambridge-gym,Tuesday 13 October 2026,True,0
cambridge-gym,Wednesday 14 October 2026,True,0
cambridge-gym,Thursday 15 October 2026,True,0
cambridge-gym,Friday 16 October 2026,True,0
cambridge-gym,Saturday 17 October 2026,True,0
cambridge-gym,Sunday 18 October 2026,True,0
cannock,Monday 5 October 2026,True,0
cannock,Tuesday 6 October 2026,True,0
cannock,Wednesday 7 October 2026,True,0
cannock,Thursday 8 October 2026,True,0
cannock,Friday 9 October 2026,True,0
cannock,Saturday 10 October 2026,True,0
cannock,Sunday 11 October 2026,True,0
cannock,Monday 12 October 2026,True,0
cannock,Tuesday 13 October 2026,True,0
cannock,Wednesday 14 October 2026,True,0
cannock,Thursday 15 October 2026,True,0
cannock,Friday 16 October 2026,True,0
cannock,Saturday 17 October 2026,True,0
cannock,Sunday 18 October 2026,True,0
cardiff-bay,Monday 5 October 2026,True,0
cardiff-bay,Tuesday 6 October 2026,True,1
cardiff-bay,Wednesday 7 October 2026,True,5
cardiff-bay,Thursday 8 October 2026,True,3
cardiff-bay,Friday 9 October 2026,True,2
cardiff-bay,Saturday 10 October 2026,True,0
cardiff-bay,Sunday 11 October 2026,True,0
cardiff-bay,Monday 12 October 2026,True,1
cardiff-bay,Tuesday 13 October 2026,True,9
cardiff-bay,Wednesday 14 October 2026,True,6
cardiff-bay,Thursday 15 October 2026,True,4
cardiff-bay,Friday 16 October 2026,True,2
cardiff-bay,Saturday 17 October 2026,True,0
cardiff-bay,Sunday 18 October 2026,True,0
chelmsford,Monday 5 October 2026,True,0
chelmsford,Tuesday 6 October 2026,True,0
chelmsford,Wednesday 7 October 2026,True,2
chelmsford,Thursday 8 October 2026,True,0
chelmsford,Friday 9 October 2026,True,0
chelmsford,Saturday 10 October 2026,True,0
chelmsford,Sunday 11 October 2026,True,0
chelmsford,Monday 12 October 2026,True,2
chelmsford,Tuesday 13 October 2026,True,0
chelmsford,Wednesday 14 October 2026,True,1
chelmsford,Thursday 15 October 2026,True,0
chelmsford,Friday 16 October 2026,True,5
chelmsford,Saturday 17 October 2026,True,0
chelmsford,Sunday 18 October 2026,True,0
cheltenham,Monday 5 October 2026,True,0
cheltenham,Tuesday 6 October 2026,True,5
cheltenham,Wednesday 7 October 2026,True,2
cheltenham,Thursday 8 October 2026,True,10
cheltenham,Friday 9 October 2026,True,8
cheltenham,Saturday 10 October 2026,True,0
cheltenham,Sunday 11 October 2026,True,0
cheltenham,Monday 12 October 2026,True,3
cheltenham,Tuesday 13 October 2026,True,9
cheltenham,Wednesday 14 October 2026,True,8
cheltenham,Thursday 15 October 2026,True,11
cheltenham,Friday 16 October 2026,True,2
cheltenham,Saturday 17 October 2026,True,0
cheltenham,Sunday 18 October 2026,True,0
chester,Monday 5 October 2026,True,0
chester,Tuesday 6 October 2026,True,0
chester,Wednesday 7 October 2026,True,0
chester,Thursday 8 October 2026,True,0
chester,Friday 9 October 2026,True,0
chester,Saturday 10 October 2026,True,0
chester,Sunday 11 October 2026,True,0
chester,Monday 12 October 2026,True,0
chester,Tuesday 13 October 2026,True,0
chester,Wednesday 14 October 2026,True,0
chester,Thursday 15 October 2026,True,0
chester,Friday 16 October 2026,True,0
chester,Saturday 17 October 2026,True,0
chester,Sunday 18 October 2026,True,0
chesterfield,Monday 5 October 2026,True,0
chesterfield,Tuesday 6 October 2026,True,0
chesterfield,Wednesday 7 October 2026,True,0
chesterfield,Thursday 8 October 2026,True,0
chesterfield,Friday 9 October 2026,True,0
chesterfield,Saturday 10 October 2026,True,0
chesterfield,Sunday 11 October 2026,True,0
chesterfield,Monday 12 October 2026,True,0
chesterfield,Tuesday 13 October 2026,True,0
chesterfield,Wednesday 14 October 2026,True,0
chesterfield,Thursday 15 October 2026,True,0
chesterfield,Friday 16 October 2026,True,0
chesterfield,Saturday 17 October 2026,True,0
chesterfield,Sunday 18 October 2026,True,0
chichester,Monday 5 October 2026,True,0
chichester,Tuesday 6 October 2026,True,1
chichester,Wednesday 7 October 2026,True,3
chichester,Thursday 8 October 2026,True,2
chichester,Friday 9 October 2026,True,0
chichester,Saturday 10 October 2026,True,0
chichester,Sunday 11 October 2026,True,0
chichester,Monday 12 October 2026,True,1
chichester,Tuesday 13 October 2026,True,3
chichester,Wednesday 14 October 2026,True,2
chichester,Thursday 15 October 2026,True,0
chichester,Friday 16 October 2026,True,0
chichester,Saturday 17 October 2026,True,0
chichester,Sunday 18 October 2026,True,0
chigwell,Monday 5 October 2026,True,0
chigwell,Tuesday 6 October 2026,True,0
chigwell,Wednesday 7 October 2026,True,0
chigwell,Thursday 8 October 2026,True,0
chigwell,Friday 9 October 2026,True,0
chigwell,Saturday 10 October 2026,True,0
chigwell,Sunday 11 October 2026,True,0
chigwell,Monday 12 October 2026,True,0
chigwell,Tuesday 13 October 2026,True,0
chigwell,Wednesday 14 October 2026,True,0
chigwell,Thursday 15 October 2026,True,0
chigwell,Friday 16 October 2026,True,0
chigwell,Saturday 17 October 2026,True,0
chigwell,Sunday 18 October 2026,True,0
chingford,Monday 5 October 2026,True,0
chingford,Tuesday 6 October 2026,True,0
chingford,Wednesday 7 October 2026,True,1
chingford,Thursday 8 October 2026,True,0
chingford,Friday 9 October 2026,True,0
chingford,Saturday 10 October 2026,True,0
chingford,Sunday 11 October 2026,True,0
chingford,Monday 12 October 2026,True,0
chingford,Tuesday 13 October 2026,True,4
chingford,Wednesday 14 October 2026,True,3
chingford,Thursday 15 October 2026,True,0
chingford,Friday 16 October 2026,True,1
chingford,Saturday 17 October 2026,True,0
chingford,Sunday 18 October 2026,True,0
chislehurst,Monday 5 October 2026,True,0
chislehurst,Tuesday 6 October 2026,True,0
chislehurst,Wednesday 7 October 2026,True,0
chislehurst,Thursday 8 October 2026,True,0
chislehurst,Friday 9 October 2026,True,0
chislehurst,Saturday 10 October 2026,True,0
chislehurst,Sunday 11 October 2026,True,0
chislehurst,Monday 12 October 2026,True,0
chislehurst,Tuesday 13 October 2026,True,0
chislehurst,Wednesday 14 October 2026,True,0
chislehurst,Thursday 15 October 2026,True,0
chislehurst,Friday 16 October 2026,True,0
chislehurst,Saturday 17 October 2026,True,0
chislehurst,Sunday 18 October 2026,True,0
cottingley,Monday 5 October 2026,True,0
cottingley,Tuesday 6 October 2026,True,0
cottingley,Wednesday 7 October 2026,True,2
cottingley,Thursday 8 October 2026,True,0
cottingley,Friday 9 October 2026,True,0
cottingley,Saturday 10 October 2026,True,0
cottingley,Sunday 11 October 2026,True,0
cottingley,Monday 12 October 2026,True,0
cottingley,Tuesday 13 October 2026,True,0
cottingley,Wednesday 14 October 2026,True,9
cottingley,Thursday 15 October 2026,True,0
cottingley,Friday 16 October 2026,True,0
cottingley,Saturday 17 October 2026,True,0
cottingley,Sunday 18 October 2026,True,0
covent-garden,Monday 5 October 2026,True,0
covent-garden,Tuesday 6 October 2026,True,0
covent-garden,Wednesday 7 October 2026,True,3
covent-garden,Thursday 8 October 2026,True,2
covent-garden,Friday 9 October 2026,True,6
covent-garden,Saturday 10 October 2026,True,0
covent-garden,Sunday 11 October 2026,True,0
covent-garden,Monday 12 October 2026,True,2
covent-garden,Tuesday 13 October 2026,True,7
covent-garden,Wednesday 14 October 2026,True,8
covent-garden,Thursday 15 October 2026,True,4
covent-garden,Friday 16 October 2026,True,8
covent-garden,Saturday 17 October 2026,True,0
covent-garden,Sunday 18 October 2026,True,0
crawley,Monday 5 October 2026,True,0
crawley,Tuesday 6 October 2026,True,4
crawley,Wednesday 7 October 2026,True,1
crawley,Thursday 8 October 2026,True,8
crawley,Friday 9 October 2026,True,4
crawley,Saturday 10 October 2026,True,0
crawley,Sunday 11 October 2026,True,3
crawley,Monday 12 October 2026,True,1
crawley,Tuesday 13 October 2026,True,4
crawley,Wednesday 14 October 2026,True,3
crawley,Thursday 15 October 2026,True,8
crawley,Friday 16 October 2026,True,8
crawley,Saturday 17 October 2026,True,0
crawley,Sunday 18 October 2026,True,4
croydon,Monday 5 October 2026,True,0
croydon,Tuesday 6 October 2026,True,0
croydon,Wednesday 7 October 2026,True,0
croydon,Thursday 8 October 2026,True,0
croydon,Friday 9 October 2026,True,0
croydon,Saturday 10 October 2026,True,0
croydon,Sunday 11 October 2026,True,0
croydon,Monday 12 October 2026,True,0
croydon,Tuesday 13 October 2026,True,0
croydon,Wednesday 14 October 2026,True,0
croydon,Thursday 15 October 2026,True,0
croydon,Friday 16 October 2026,True,0
croydon,Saturday 17 October 2026,True,0
croydon,Sunday 18 October 2026,True,0
croydon-central,Monday 5 October 2026,True,0
croydon-central,Tuesday 6 October 2026,True,3
croydon-central,Wednesday 7 October 2026,True,0
croydon-central,Thursday 8 October 2026,True,0
croydon-central,Friday 9 October 2026,True,0
croydon-central,Saturday 10 October 2026,True,0
croydon-central,Sunday 11 October 2026,True,0
croydon-central,Monday 12 October 2026,True,0
croydon-central,Tuesday 13 October 2026,True,0
croydon-central,Wednesday 14 October 2026,True,0
croydon-central,Thursday 15 October 2026,True,2
croydon-central,Friday 16 October 2026,True,0
croydon-central,Saturday 17 October 2026,True,0
croydon-central,Sunday 18 October 2026,True,0
cwmbran,Monday 5 October 2026,True,0
cwmbran,Tuesday 6 October 2026,True,0
cwmbran,Wednesday 7 October 2026,True,2
cwmbran,Thursday 8 October 2026,True,0
cwmbran,Friday 9 October 2026,True,0
cwmbran,Saturday 10 October 2026,True,0
cwmbran,Sunday 11 October 2026,True,0
cwmbran,Monday 12 October 2026,True,0
cwmbran,Tuesday 13 October 2026,True,0
cwmbran,Wednesday 14 October 2026,True,4
cwmbran,Thursday 15 October 2026,True,0
cwmbran,Friday 16 October 2026,True,0
cwmbran,Saturday 17 October 2026,True,0
cwmbran,Sunday 18 October 2026,True,0
derby-gym,Monday 5 October 2026,True,0
derby-gym,Tuesday 6 October 2026,True,1
derby-gym,Wednesday 7 October 2026,True,3
derby-gym,Thursday 8 October 2026,True,0
derby-gym,Friday 9 October 2026,True,0
derby-gym,Saturday 10 October 2026,True,0
derby-gym,Sunday 11 October 2026,True,0
derby-gym,Monday 12 October 2026,True,0
derby-gym,Tuesday 13 October 2026,True,1
derby-gym,Wednesday 14 October 2026,True,2
derby-gym,Thursday 15 October 2026,True,2
derby-gym,Friday 16 October 2026,True,4
derby-gym,Saturday 17 October 2026,True,0
derby-gym,Sunday 18 October 2026,True,0
derby,Monday 5 October 2026,True,0
derby,Tuesday 6 October 2026,True,0
derby,Wednesday 7 October 2026,True,0
derby,Thursday 8 October 2026,True,1
derby,Friday 9 October 2026,True,0
derby,Saturday 10 October 2026,True,0
derby,Sunday 11 October 2026,True,0
derby,Monday 12 October 2026,True,0
derby,Tuesday 13 October 2026,True,0
derby,Wednesday 14 October 2026,True,0
derby,Thursday 15 October 2026,True,0
derby,Friday 16 October 2026,True,0
derby,Saturday 17 October 2026,True,0
derby,Sunday 18 October 2026,True,0
didsbury,Monday 5 October 2026,True,0
didsbury,Tuesday 6 October 2026,True,1
didsbury,Wednesday 7 October 2026,True,0
didsbury,Thursday 8 October 2026,True,1
didsbury,Friday 9 October 2026,True,0
didsbury,Saturday 10 October 2026,True,0
didsbury,Sunday 11 October 2026,True,0
didsbury,Monday 12 October 2026,True,0
didsbury,Tuesday 13 October 2026,True,3
didsbury,Wednesday 14 October 2026,True,7
didsbury,Thursday 15 October 2026,True,1
didsbury,Friday 16 October 2026,True,1
didsbury,Saturday 17 October 2026,True,0
didsbury,Sunday 18 October 2026,True,0
ealing,Monday 5 October 2026,True,0
ealing,Tuesday 6 October 2026,True,0
ealing,Wednesday 7 October 2026,True,0
ealing,Thursday 8 October 2026,True,0
ealing,Friday 9 October 2026,True,0
ealing,Saturday 10 October 2026,True,0
ealing,Sunday 11 October 2026,True,0
ealing,Monday 12 October 2026,True,0
ealing,Tuesday 13 October 2026,True,0
ealing,Wednesday 14 October 2026,True,0
ealing,Thursday 15 October 2026,True,0
ealing,Friday 16 October 2026,True,0
ealing,Saturday 17 October 2026,True,0
ealing,Sunday 18 October 2026,True,0
east-kilbride,Monday 5 October 2026,True,0
east-kilbride,Tuesday 6 October 2026,True,0
east-kilbride,Wednesday 7 October 2026,True,0
east-kilbride,Thursday 8 October 2026,True,0
east-kilbride,Friday 9 October 2026,True,0
east-kilbride,Saturday 10 October 2026,True,0
east-kilbride,Sunday 11 October 2026,True,0
east-kilbride,Monday 12 October 2026,True,0
east-kilbride,Tuesday 13 October 2026,True,0
east-kilbride,Wednesday 14 October 2026,True,0
east-kilbride,Thursday 15 October 2026,True,0
east-kilbride,Friday 16 October 2026,True,0
east-kilbride,Saturday 17 October 2026,True,0
east-kilbride,Sunday 18 October 2026,True,0
edinburgh,Monday 5 October 2026,True,0
edinburgh,Tuesday 6 October 2026,True,0
edinburgh,Wednesday 7 October 2026,True,1
edinburgh,Thursday 8 October 2026,True,0
edinburgh,Friday 9 October 2026,True,3
edinburgh,Saturday 10 October 2026,True,0
edinburgh,Sunday 11 October 2026,True,0
edinburgh,Monday 12 October 2026,True,0
edinburgh,Tuesday 13 October 2026,True,0
edinburgh,Wednesday 14 October 2026,True,5
edinburgh,Thursday 15 October 2026,True,2
edinburgh,Friday 16 October 2026,True,6
edinburgh,Saturday 17 October 2026,True,0
edinburgh,Sunday 18 October 2026,True,0
edinburgh-fountain-park,Monday 5 October 2026,True,0
edinburgh-fountain-park,Tuesday 6 October 2026,True,0
edinburgh-fountain-park,Wednesday 7 October 2026,True,0
edinburgh-fountain-park,Thursday 8 October 2026,True,0
edinburgh-fountain-park,Friday 9 October 2026,True,0
edinburgh-fountain-park,Saturday 10 October 2026,True,0
edinburgh-fountain-park,Sunday 11 October 2026,True,0
edinburgh-fountain-park,Monday 12 October 2026,True,0
edinburgh-fountain-park,Tuesday 13 October 2026,True,0
edinburgh-fountain-park,Wednesday 14 October 2026,True,0
edinburgh-fountain-park,Thursday 15 October 2026,True,0
edinburgh-fountain-park,Friday 16 October 2026,True,1
edinburgh-fountain-park,Saturday 17 October 2026,True,0
edinburgh-fountain-park,Sunday 18 October 2026,True,0
edinburgh-omni,Monday 5 October 2026,True,0
edinburgh-omni,Tuesday 6 October 2026,True,0
edinburgh-omni,Wednesday 7 October 2026,True,0
edinburgh-omni,Thursday 8 October 2026,True,0
edinburgh-omni,Friday 9 October 2026,True,0
edinburgh-omni,Saturday 10 October 2026,True,0
edinburgh-omni,Sunday 11 October 2026,True,0
edinburgh-omni,Monday 12 October 2026,True,0
edinburgh-omni,Tuesday 13 October 2026,True,3
edinburgh-omni,Wednesday 14 October 2026,True,2
edinburgh-omni,Thursday 15 October 2026,True,0
edinburgh-omni,Friday 16 October 2026,True,3
edinburgh-omni,Saturday 17 October 2026,True,0
edinburgh-omni,Sunday 18 October 2026,True,0
enfield,Monday 5 October 2026,True,0
enfield,Tuesday 6 October 2026,True,0
enfield,Wednesday 7 October 2026,True,3
enfield,Thursday 8 October 2026,True,0
enfield,Friday 9 October 2026,True,0
enfield,Saturday 10 October 2026,True,0
enfield,Sunday 11 October 2026,True,0
enfield,Monday 12 October 2026,True,4
enfield,Tuesday 13 October 2026,True,0
enfield,Wednesday 14 October 2026,True,6
enfield,Thursday 15 October 2026,True,0
enfield,Friday 16 October 2026,True,5
enfield,Saturday 17 October 2026,True,0
enfield,Sunday 18 October 2026,True,0
exeter,Monday 5 October 2026,True,0
exeter,Tuesday 6 October 2026,True,0
exeter,Wednesday 7 October 2026,True,0
exeter,Thursday 8 October 2026,True,0
exeter,Friday 9 October 2026,True,0
exeter,Saturday 10 October 2026,True,0
exeter,Sunday 11 October 2026,True,0
exeter,Monday 12 October 2026,True,0
exeter,Tuesday 13 October 2026,True,0
exeter,Wednesday 14 October 2026,True,0
exeter,Thursday 15 October 2026,True,0
exeter,Friday 16 October 2026,True,0
exeter,Saturday 17 October 2026,True,0
exeter,Sunday 18 October 2026,True,0
farnborough,Monday 5 October 2026,True,0
farnborough,Tuesday 6 October 2026,True,0
farnborough,Wednesday 7 October 2026,True,1
farnborough,Thursday 8 October 2026,True,0
farnborough,Friday 9 October 2026,True,0
farnborough,Saturday 10 October 2026,True,0
farnborough,Sunday 11 October 2026,True,0
farnborough,Monday 12 October 2026,True,0
farnborough,Tuesday 13 October 2026,True,3
farnborough,Wednesday 14 October 2026,True,3
farnborough,Thursday 15 October 2026,True,0
farnborough,Friday 16 October 2026,True,0
farnborough,Saturday 17 October 2026,True,0
farnborough,Sunday 18 October 2026,True,0
farnham,Monday 5 October 2026,True,0
farnham,Tuesday 6 October 2026,True,0
farnham,Wednesday 7 October 2026,True,0
farnham,Thursday 8 October 2026,True,1
farnham,Friday 9 October 2026,True,0
farnham,Saturday 10 October 2026,True,0
farnham,Sunday 11 October 2026,True,0
farnham,Monday 12 October 2026,True,0
farnham,Tuesday 13 October 2026,True,0
farnham,Wednesday 14 October 2026,True,0
farnham,Thursday 15 October 2026,True,0
farnham,Friday 16 October 2026,True,0
farnham,Saturday 17 October 2026,True,0
farnham,Sunday 18 October 2026,True,0
friern-barnet-london,Monday 5 October 2026,True,0
friern-barnet-london,Tuesday 6 October 2026,True,0
friern-barnet-london,Wednesday 7 October 2026,True,0
friern-barnet-london,Thursday 8 October 2026,True,0
friern-barnet-london,Friday 9 October 2026,True,0
friern-barnet-london,Saturday 10 October 2026,True,0
friern-barnet-london,Sunday 11 October 2026,True,0
friern-barnet-london,Monday 12 October 2026,True,0
friern-barnet-london,Tuesday 13 October 2026,True,0
friern-barnet-london,Wednesday 14 October 2026,True,0
friern-barnet-london,Thursday 15 October 2026,True,0
friern-barnet-london,Friday 16 October 2026,True,0
friern-barnet-london,Saturday 17 October 2026,True,0
friern-barnet-london,Sunday 18 October 2026,True,0
glasgow-giffnock,Monday 5 October 2026,True,0
glasgow-giffnock,Tuesday 6 October 2026,True,0
glasgow-giffnock,Wednesday 7 October 2026,True,0
glasgow-giffnock,Thursday 8 October 2026,True,0
glasgow-giffnock,Friday 9 October 2026,True,0
glasgow-giffnock,Saturday 10 October 2026,True,0
glasgow-giffnock,Sunday 11 October 2026,True,0
glasgow-giffnock,Monday 12 October 2026,True,0
glasgow-giffnock,Tuesday 13 October 2026,True,0
glasgow-giffnock,Wednesday 14 October 2026,True,0
glasgow-giffnock,Thursday 15 October 2026,True,0
glasgow-giffnock,Friday 16 October 2026,True,0
glasgow-giffnock,Saturday 17 October 2026,True,0
glasgow-giffnock,Sunday 18 October 2026,True,0
glasgow,Monday 5 October 2026,True,0
glasgow,Tuesday 6 October 2026,True,0
glasgow,Wednesday 7 October 2026,True,2
glasgow,Thursday 8 October 2026,True,3
glasgow,Friday 9 October 2026,True,0
glasgow,Saturday 10 October 2026,True,0
glasgow,Sunday 11 October 2026,True,0
glasgow,Monday 12 October 2026,True,0
glasgow,Tuesday 13 October 2026,True,4
glasgow,Wednesday 14 October 2026,True,4
glasgow,Thursday 15 October 2026,True,6
glasgow,Friday 16 October 2026,True,0
glasgow,Saturday 17 October 2026,True,0
glasgow,Sunday 18 October 2026,True,0
glasgow-hospital,Monday 5 October 2026,True,0
glasgow-hospital,Tuesday 6 October 2026,True,0
glasgow-hospital,Wednesday 7 October 2026,True,0
glasgow-hospital,Thursday 8 October 2026,True,0
glasgow-hospital,Friday 9 October 2026,True,0
glasgow-hospital,Saturday 10 October 2026,True,0
glasgow-hospital,Sunday 11 October 2026,True,0
glasgow-hospital,Monday 12 October 2026,True,0
glasgow-hospital,Tuesday 13 October 2026,True,1
glasgow-hospital,Wednesday 14 October 2026,True,5
glasgow-hospital,Thursday 15 October 2026,True,1
glasgow-hospital,Friday 16 October 2026,True,0
glasgow-hospital,Saturday 17 October 2026,True,5
glasgow-hospital,Sunday 18 October 2026,True,0
gloucester,Monday 5 October 2026,True,0
gloucester,Tuesday 6 October 2026,True,4
gloucester,Wednesday 7 October 2026,True,4
gloucester,Thursday 8 October 2026,True,6
gloucester,Friday 9 October 2026,True,0
gloucester,Saturday 10 October 2026,True,0
gloucester,Sunday 11 October 2026,True,0
gloucester,Monday 12 October 2026,True,6
gloucester,Tuesday 13 October 2026,True,2
gloucester,Wednesday 14 October 2026,True,1
gloucester,Thursday 15 October 2026,True,5
gloucester,Friday 16 October 2026,True,0
gloucester,Saturday 17 October 2026,True,0
gloucester,Sunday 18 October 2026,True,0
gosforth,Monday 5 October 2026,True,0
gosforth,Tuesday 6 October 2026,True,0
gosforth,Wednesday 7 October 2026,True,0
gosforth,Thursday 8 October 2026,True,0
gosforth,Friday 9 October 2026,True,0
gosforth,Saturday 10 October 2026,True,0
gosforth,Sunday 11 October 2026,True,0
gosforth,Monday 12 October 2026,True,0
gosforth,Tuesday 13 October 2026,True,0
gosforth,Wednesday 14 October 2026,True,0
gosforth,Thursday 15 October 2026,True,0
gosforth,Friday 16 October 2026,True,0
gosforth,Saturday 17 October 2026,True,0
gosforth,Sunday 18 October 2026,True,0
guildford-gym,Monday 5 October 2026,True,0
guildford-gym,Tuesday 6 October 2026,True,0
guildford-gym,Wednesday 7 October 2026,True,0
guildford-gym,Thursday 8 October 2026,True,0
guildford-gym,Friday 9 October 2026,True,0
guildford-gym,Saturday 10 October 2026,True,0
guildford-gym,Sunday 11 October 2026,True,0
guildford-gym,Monday 12 October 2026,True,2
guildford-gym,Tuesday 13 October 2026,True,1
guildford-gym,Wednesday 14 October 2026,True,2
guildford-gym,Thursday 15 October 2026,True,5
guildford-gym,Friday 16 October 2026,True,0
guildford-gym,Saturday 17 October 2026,True,0
guildford-gym,Sunday 18 October 2026,True,0
guildford,Monday 5 October 2026,True,0
guildford,Tuesday 6 October 2026,True,1
guildford,Wednesday 7 October 2026,True,3
guildford,Thursday 8 October 2026,True,5
guildford,Friday 9 October 2026,True,0
guildford,Saturday 10 October 2026,True,0
guildford,Sunday 11 October 2026,True,0
guildford,Monday 12 October 2026,True,0
guildford,Tuesday 13 October 2026,True,0
guildford,Wednesday 14 October 2026,True,1
guildford,Thursday 15 October 2026,True,0
guildford,Friday 16 October 2026,True,0
guildford,Saturday 17 October 2026,True,0
guildford,Sunday 18 October 2026,True,0
guiseley,Monday 5 October 2026,True,0
guiseley,Tuesday 6 October 2026,True,0
guiseley,Wednesday 7 October 2026,True,0
guiseley,Thursday 8 October 2026,True,0
guiseley,Friday 9 October 2026,True,0
guiseley,Saturday 10 October 2026,True,0
guiseley,Sunday 11 October 2026,True,0
guiseley,Monday 12 October 2026,True,0
guiseley,Tuesday 13 October 2026,True,0
guiseley,Wednesday 14 October 2026,True,0
guiseley,Thursday 15 October 2026,True,0
guiseley,Friday 16 October 2026,True,0
guiseley,Saturday 17 October 2026,True,0
guiseley,Sunday 18 October 2026,True,0
hampshire,Monday 5 October 2026,True,0
hampshire,Tuesday 6 October 2026,True,0
hampshire,Wednesday 7 October 2026,True,0
hampshire,Thursday 8 October 2026,True,0
hampshire,Friday 9 October 2026,True,0
hampshire,Saturday 10 October 2026,True,0
hampshire,Sunday 11 October 2026,True,0
hampshire,Monday 12 October 2026,True,1
hampshire,Tuesday 13 October 2026,True,0
hampshire,Wednesday 14 October 2026,True,0
hampshire,Thursday 15 October 2026,True,1
hampshire,Friday 16 October 2026,True,0
hampshire,Saturday 17 October 2026,True,0
hampshire,Sunday 18 October 2026,True,0
harrogate,Monday 5 October 2026,True,0
harrogate,Tuesday 6 October 2026,True,2
harrogate,Wednesday 7 October 2026,True,4
harrogate,Thursday 8 October 2026,True,2
harrogate,Friday 9 October 2026,True,4
harrogate,Saturday 10 October 2026,True,0
harrogate,Sunday 11 October 2026,True,0
harrogate,Monday 12 October 2026,True,6
harrogate,Tuesday 13 October 2026,True,3
harrogate,Wednesday 14 October 2026,True,3
harrogate,Thursday 15 October 2026,True,8
harrogate,Friday 16 October 2026,True,4
harrogate,Saturday 17 October 2026,True,0
harrogate,Sunday 18 October 2026,True,0
haywards-heath,Monday 5 October 2026,True,0
haywards-heath,Tuesday 6 October 2026,True,1
haywards-heath,Wednesday 7 October 2026,True,3
haywards-heath,Thursday 8 October 2026,True,1
haywards-heath,Friday 9 October 2026,True,2
haywards-heath,Saturday 10 October 2026,True,0
haywards-heath,Sunday 11 October 2026,True,0
haywards-heath,Monday 12 October 2026,True,0
haywards-heath,Tuesday 13 October 2026,True,1
haywards-heath,Wednesday 14 October 2026,True,3
haywards-heath,Thursday 15 October 2026,True,0
haywards-heath,Friday 16 October 2026,True,0
haywards-heath,Saturday 17 October 2026,True,0
haywards-heath,Sunday 18 October 2026,True,0
hemel-hempstead,Monday 5 October 2026,True,0
hemel-hempstead,Tuesday 6 October 2026,True,0
hemel-hempstead,Wednesday 7 October 2026,True,0
hemel-hempstead,Thursday 8 October 2026,True,0
hemel-hempstead,Friday 9 October 2026,True,0
hemel-hempstead,Saturday 10 October 2026,True,0
hemel-hempstead,Sunday 11 October 2026,True,0
hemel-hempstead,Monday 12 October 2026,True,0
hemel-hempstead,Tuesday 13 October 2026,True,0
hemel-hempstead,Wednesday 14 October 2026,True,0
hemel-hempstead,Thursday 15 October 2026,True,0
hemel-hempstead,Friday 16 October 2026,True,3
hemel-hempstead,Saturday 17 October 2026,True,0
hemel-hempstead,Sunday 18 October 2026,True,0
london-hendon,Monday 5 October 2026,True,0
london-hendon,Tuesday 6 October 2026,True,0
london-hendon,Wednesday 7 October 2026,True,0
london-hendon,Thursday 8 October 2026,True,0
london-hendon,Friday 9 October 2026,True,0
london-hendon,Saturday 10 October 2026,True,0
london-hendon,Sunday 11 October 2026,True,0
london-hendon,Monday 12 October 2026,True,0
london-hendon,Tuesday 13 October 2026,True,0
london-hendon,Wednesday 14 October 2026,True,0
london-hendon,Thursday 15 October 2026,True,0
london-hendon,Friday 16 October 2026,True,0
london-hendon,Saturday 17 October 2026,True,0
london-hendon,Sunday 18 October 2026,True,0
hereford,Monday 5 October 2026,True,0
hereford,Tuesday 6 October 2026,True,1
hereford,Wednesday 7 October 2026,True,0
hereford,Thursday 8 October 2026,True,0
hereford,Friday 9 October 2026,True,0
hereford,Saturday 10 October 2026,True,0
hereford,Sunday 11 October 2026,True,0
hereford,Monday 12 October 2026,True,0
hereford,Tuesday 13 October 2026,True,0
hereford,Wednesday 14 October 2026,True,0
hereford,Thursday 15 October 2026,True,0
hereford,Friday 16 October 2026,True,0
hereford,Saturday 17 October 2026,True,0
hereford,Sunday 18 October 2026,True,0
ilford,Monday 5 October 2026,True,0
ilford,Tuesday 6 October 2026,True,0
ilford,Wednesday 7 October 2026,True,5
ilford,Thursday 8 October 2026,True,0
ilford,Friday 9 October 2026,True,0
ilford,Saturday 10 October 2026,True,0
ilford,Sunday 11 October 2026,True,0
ilford,Monday 12 October 2026,True,0
ilford,Tuesday 13 October 2026,True,0
ilford,Wednesday 14 October 2026,True,0
ilford,Thursday 15 October 2026,True,0
ilford,Friday 16 October 2026,True,0
ilford,Saturday 17 October 2026,True,0
ilford,Sunday 18 October 2026,True,0
liverpool,Monday 5 October 2026,True,0
liverpool,Tuesday 6 October 2026,True,4
liverpool,Wednesday 7 October 2026,True,2
liverpool,Thursday 8 October 2026,True,4
liverpool,Friday 9 October 2026,True,1
liverpool,Saturday 10 October 2026,True,0
liverpool,Sunday 11 October 2026,True,0
liverpool,Monday 12 October 2026,True,0
liverpool,Tuesday 13 October 2026,True,13
liverpool,Wednesday 14 October 2026,True,5
liverpool,Thursday 15 October 2026,True,11
liverpool,Friday 16 October 2026,True,1
liverpool,Saturday 17 October 2026,True,0
liverpool,Sunday 18 October 2026,True,0
london-canary-wharf,Monday 5 October 2026,True,0
london-canary-wharf,Tuesday 6 October 2026,True,0
london-canary-wharf,Wednesday 7 October 2026,True,0
london-canary-wharf,Thursday 8 October 2026,True,0
london-canary-wharf,Friday 9 October 2026,True,0
london-canary-wharf,Saturday 10 October 2026,True,0
london-canary-wharf,Sunday 11 October 2026,True,0
london-canary-wharf,Monday 12 October 2026,True,0
london-canary-wharf,Tuesday 13 October 2026,True,0
london-canary-wharf,Wednesday 14 October 2026,True,0
london-canary-wharf,Thursday 15 October 2026,True,0
london-canary-wharf,Friday 16 October 2026,True,0
london-canary-wharf,Saturday 17 October 2026,True,0
london-canary-wharf,Sunday 18 October 2026,True,0
london-city,Monday 5 October 2026,True,0
london-city,Tuesday 6 October 2026,True,9
london-city,Wednesday 7 October 2026,True,3
london-city,Thursday 8 October 2026,True,7
london-city,Friday 9 October 2026,True,0
london-city,Saturday 10 October 2026,True,0
london-city,Sunday 11 October 2026,True,0
london-city,Monday 12 October 2026,True,1
london-city,Tuesday 13 October 2026,True,5
london-city,Wednesday 14 October 2026,True,4
london-city,Thursday 15 October 2026,True,6
london-city,Friday 16 October 2026,True,3
london-city,Saturday 17 October 2026,True,0
london-city,Sunday 18 October 2026,True,0
london-west-end,Monday 5 October 2026,True,0
london-west-end,Tuesday 6 October 2026,True,0
london-west-end,Wednesday 7 October 2026,True,7
london-west-end,Thursday 8 October 2026,True,0
london-west-end,Friday 9 October 2026,True,0
london-west-end,Saturday 10 October 2026,True,0
london-west-end,Sunday 11 October 2026,True,0
london-west-end,Monday 12 October 2026,True,0
london-west-end,Tuesday 13 October 2026,True,3
london-west-end,Wednesday 14 October 2026,True,8
london-west-end,Thursday 15 October 2026,True,0
london-west-end,Friday 16 October 2026,True,0
london-west-end,Saturday 17 October 2026,True,0
london-west-end,Sunday 18 October 2026,True,0
mihp,Monday 5 October 2026,True,0
mihp,Tuesday 6 October 2026,True,0
mihp,Wednesday 7 October 2026,True,2
mihp,Thursday 8 October 2026,True,0
mihp,Friday 9 October 2026,True,0
mihp,Saturday 10 October 2026,True,0
mihp,Sunday 11 October 2026,True,0
mihp,Monday 12 October 2026,True,3
mihp,Tuesday 13 October 2026,True,0
mihp,Wednesday 14 October 2026,True,5
mihp,Thursday 15 October 2026,True,0
mihp,Friday 16 October 2026,True,0
mihp,Saturday 17 October 2026,True,0
mihp,Sunday 18 October 2026,True,0
manchester-printworks,Monday 5 October 2026,True,0
manchester-printworks,Tuesday 6 October 2026,True,1
manchester-printworks,Wednesday 7 October 2026,True,0
manchester-printworks,Thursday 8 October 2026,True,0
manchester-printworks,Friday 9 October 2026,True,0
manchester-printworks,Saturday 10 October 2026,True,0
manchester-printworks,Sunday 11 October 2026,True,0
manchester-printworks,Monday 12 October 2026,True,1
manchester-printworks,Tuesday 13 October 2026,True,4
manchester-printworks,Wednesday 14 October 2026,True,0
manchester-printworks,Thursday 15 October 2026,True,0
manchester-printworks,Friday 16 October 2026,True,0
manchester-printworks,Saturday 17 October 2026,True,0
manchester-printworks,Sunday 18 October 2026,True,0
milngavie,Monday 5 October 2026,True,0
milngavie,Tuesday 6 October 2026,True,0
milngavie,Wednesday 7 October 2026,True,0
milngavie,Thursday 8 October 2026,True,0
milngavie,Friday 9 October 2026,True,1
milngavie,Saturday 10 October 2026,True,0
milngavie,Sunday 11 October 2026,True,0
milngavie,Monday 12 October 2026,True,0
milngavie,Tuesday 13 October 2026,True,2
milngavie,Wednesday 14 October 2026,True,0
milngavie,Thursday 15 October 2026,True,0
milngavie,Friday 16 October 2026,True,3
milngavie,Saturday 17 October 2026,True,0
milngavie,Sunday 18 October 2026,True,0
milton-keynes,Monday 5 October 2026,True,0
milton-keynes,Tuesday 6 October 2026,True,0
milton-keynes,Wednesday 7 October 2026,True,0
milton-keynes,Thursday 8 October 2026,True,0
milton-keynes,Friday 9 October 2026,True,2
milton-keynes,Saturday 10 October 2026,True,0
milton-keynes,Sunday 11 October 2026,True,0
milton-keynes,Monday 12 October 2026,True,0
milton-keynes,Tuesday 13 October 2026,True,8
milton-keynes,Wednesday 14 October 2026,True,0
milton-keynes,Thursday 15 October 2026,True,0
milton-keynes,Friday 16 October 2026,True,1
milton-keynes,Saturday 17 October 2026,True,0
milton-keynes,Sunday 18 October 2026,True,0
moorgate,Monday 5 October 2026,True,0
moorgate,Tuesday 6 October 2026,True,0
moorgate,Wednesday 7 October 2026,True,1
moorgate,Thursday 8 October 2026,True,0
moorgate,Friday 9 October 2026,True,0
moorgate,Saturday 10 October 2026,True,0
moorgate,Sunday 11 October 2026,True,0
moorgate,Monday 12 October 2026,True,4
moorgate,Tuesday 13 October 2026,True,3
moorgate,Wednesday 14 October 2026,True,4
moorgate,Thursday 15 October 2026,True,5
moorgate,Friday 16 October 2026,True,7
moorgate,Saturday 17 October 2026,True,0
moorgate,Sunday 18 October 2026,True,0
newbury,Monday 5 October 2026,True,0
newbury,Tuesday 6 October 2026,True,0
newbury,Wednesday 7 October 2026,True,0
newbury,Thursday 8 October 2026,True,0
newbury,Friday 9 October 2026,True,0
newbury,Saturday 10 October 2026,True,0
newbury,Sunday 11 October 2026,True,0
newbury,Monday 12 October 2026,True,0
newbury,Tuesday 13 October 2026,True,0
newbury,Wednesday 14 October 2026,True,0
newbury,Thursday 15 October 2026,True,2
newbury,Friday 16 October 2026,True,1
newbury,Saturday 17 October 2026,True,0
newbury,Sunday 18 October 2026,True,0
newcastle,Monday 5 October 2026,True,0
newcastle,Tuesday 6 October 2026,True,0
newcastle,Wednesday 7 October 2026,True,0
newcastle,Thursday 8 October 2026,True,0
newcastle,Friday 9 October 2026,True,1
newcastle,Saturday 10 October 2026,True,0
newcastle,Sunday 11 October 2026,True,0
newcastle,Monday 12 October 2026,True,0
newcastle,Tuesday 13 October 2026,True,4
newcastle,Wednesday 14 October 2026,True,9
newcastle,Thursday 15 October 2026,True,9
newcastle,Friday 16 October 2026,True,2
newcastle,Saturday 17 October 2026,True,0
newcastle,Sunday 18 October 2026,True,0
newcastle-under-lyme,Monday 5 October 2026,True,0
newcastle-under-lyme,Tuesday 6 October 2026,True,0
newcastle-under-lyme,Wednesday 7 October 2026,True,0
newcastle-under-lyme,Thursday 8 October 2026,True,0
newcastle-under-lyme,Friday 9 October 2026,True,0
newcastle-under-lyme,Saturday 10 October 2026,True,0
newcastle-under-lyme,Sunday 11 October 2026,True,0
newcastle-under-lyme,Monday 12 October 2026,True,0
newcastle-under-lyme,Tuesday 13 October 2026,True,0
newcastle-under-lyme,Wednesday 14 October 2026,True,0
newcastle-under-lyme,Thursday 15 October 2026,True,0
newcastle-under-lyme,Friday 16 October 2026,True,0
newcastle-under-lyme,Saturday 17 October 2026,True,0
newcastle-under-lyme,Sunday 18 October 2026,True,0
norbury,Monday 5 October 2026,True,0
norbury,Tuesday 6 October 2026,True,0
norbury,Wednesday 7 October 2026,True,0
norbury,Thursday 8 October 2026,True,0
norbury,Friday 9 October 2026,True,0
norbury,Saturday 10 October 2026,True,0
norbury,Sunday 11 October 2026,True,0
norbury,Monday 12 October 2026,True,0
norbury,Tuesday 13 October 2026,True,0
norbury,Wednesday 14 October 2026,True,0
norbury,Thursday 15 October 2026,True,0
norbury,Friday 16 October 2026,True,0
norbury,Saturday 17 October 2026,True,0
norbury,Sunday 18 October 2026,True,0
northampton,Monday 5 October 2026,True,0
northampton,Tuesday 6 October 2026,True,0
northampton,Wednesday 7 October 2026,True,0
northampton,Thursday 8 October 2026,True,0
northampton,Friday 9 October 2026,True,0
northampton,Saturday 10 October 2026,True,0
northampton,Sunday 11 October 2026,True,0
northampton,Monday 12 October 2026,True,0
northampton,Tuesday 13 October 2026,True,0
northampton,Wednesday 14 October 2026,True,0
northampton,Thursday 15 October 2026,True,0
northampton,Friday 16 October 2026,True,0
northampton,Saturday 17 October 2026,True,0
northampton,Sunday 18 October 2026,True,0
norwich,Monday 5 October 2026,True,0
norwich,Tuesday 6 October 2026,True,0
norwich,Wednesday 7 October 2026,True,3
norwich,Thursday 8 October 2026,True,0
norwich,Friday 9 October 2026,True,0
norwich,Saturday 10 October 2026,True,4
norwich,Sunday 11 October 2026,True,0
norwich,Monday 12 October 2026,True,0
norwich,Tuesday 13 October 2026,True,1
norwich,Wednesday 14 October 2026,True,3
norwich,Thursday 15 October 2026,True,0
norwich,Friday 16 October 2026,True,0
norwich,Saturday 17 October 2026,True,3
norwich,Sunday 18 October 2026,True,0
nottingham,Monday 5 October 2026,True,0
nottingham,Tuesday 6 October 2026,True,3
nottingham,Wednesday 7 October 2026,True,6
nottingham,Thursday 8 October 2026,True,4
nottingham,Friday 9 October 2026,True,1
nottingham,Saturday 10 October 2026,True,0
nottingham,Sunday 11 October 2026,True,0
nottingham,Monday 12 October 2026,True,0
nottingham,Tuesday 13 October 2026,True,4
nottingham,Wednesday 14 October 2026,True,7
nottingham,Thursday 15 October 2026,True,5
nottingham,Friday 16 October 2026,True,4
nottingham,Saturday 17 October 2026,True,0
nottingham,Sunday 18 October 2026,True,0
nuneaton,Monday 5 October 2026,True,0
nuneaton,Tuesday 6 October 2026,True,0
nuneaton,Wednesday 7 October 2026,True,0
nuneaton,Thursday 8 October 2026,True,0
nuneaton,Friday 9 October 2026,True,0
nuneaton,Saturday 10 October 2026,True,0
nuneaton,Sunday 11 October 2026,True,0
nuneaton,Monday 12 October 2026,True,0
nuneaton,Tuesday 13 October 2026,True,0
nuneaton,Wednesday 14 October 2026,True,0
nuneaton,Thursday 15 October 2026,True,0
nuneaton,Friday 16 October 2026,True,0
nuneaton,Saturday 17 October 2026,True,0
nuneaton,Sunday 18 October 2026,True,0
oxford,Monday 5 October 2026,True,0
oxford,Tuesday 6 October 2026,True,0
oxford,Wednesday 7 October 2026,True,0
oxford,Thursday 8 October 2026,True,0
oxford,Friday 9 October 2026,True,0
oxford,Saturday 10 October 2026,True,0
oxford,Sunday 11 October 2026,True,0
oxford,Monday 12 October 2026,True,0
oxford,Tuesday 13 October 2026,True,0
oxford,Wednesday 14 October 2026,True,0
oxford,Thursday 15 October 2026,True,0
oxford,Friday 16 October 2026,True,0
oxford,Saturday 17 October 2026,True,0
oxford,Sunday 18 October 2026,True,0
oxfordshire,Monday 5 October 2026,True,0
oxfordshire,Tuesday 6 October 2026,True,0
oxfordshire,Wednesday 7 October 2026,True,0
oxfordshire,Thursday 8 October 2026,True,0
oxfordshire,Friday 9 October 2026,True,0
oxfordshire,Saturday 10 October 2026,True,0
oxfordshire,Sunday 11 October 2026,True,0
oxfordshire,Monday 12 October 2026,True,0
oxfordshire,Tuesday 13 October 2026,True,0
oxfordshire,Wednesday 14 October 2026,True,0
oxfordshire,Thursday 15 October 2026,True,0
oxfordshire,Friday 16 October 2026,True,0
oxfordshire,Saturday 17 October 2026,True,0
oxfordshire,Sunday 18 October 2026,True,0
london-paddington,Monday 5 October 2026,True,0
london-paddington,Tuesday 6 October 2026,True,2
london-paddington,Wednesday 7 October 2026,True,1
london-paddington,Thursday 8 October 2026,True,1
london-paddington,Friday 9 October 2026,True,2
london-paddington,Saturday 10 October 2026,True,0
london-paddington,Sunday 11 October 2026,True,0
london-paddington,Monday 12 October 2026,True,2
london-paddington,Tuesday 13 October 2026,True,2
london-paddington,Wednesday 14 October 2026,True,2
london-paddington,Thursday 15 October 2026,True,9
london-paddington,Friday 16 October 2026,True,3
london-paddington,Saturday 17 October 2026,True,0
london-paddington,Sunday 18 October 2026,True,0
plymouth,Monday 5 October 2026,True,0
plymouth,Tuesday 6 October 2026,True,4
plymouth,Wednesday 7 October 2026,True,0
plymouth,Thursday 8 October 2026,True,0
plymouth,Friday 9 October 2026,True,0
plymouth,Saturday 10 October 2026,True,0
plymouth,Sunday 11 October 2026,True,0
plymouth,Monday 12 October 2026,True,4
plymouth,Tuesday 13 October 2026,True,3
plymouth,Wednesday 14 October 2026,True,0
plymouth,Thursday 15 October 2026,True,1
plymouth,Friday 16 October 2026,True,0
plymouth,Saturday 17 October 2026,True,0
plymouth,Sunday 18 October 2026,True,0
portsmouth,Monday 5 October 2026,True,0
portsmouth,Tuesday 6 October 2026,True,0
portsmouth,Wednesday 7 October 2026,True,0
portsmouth,Thursday 8 October 2026,True,0
portsmouth,Friday 9 October 2026,True,0
portsmouth,Saturday 10 October 2026,True,0
portsmouth,Sunday 11 October 2026,True,0
portsmouth,Monday 12 October 2026,True,2
portsmouth,Tuesday 13 October 2026,True,0
portsmouth,Wednesday 14 October 2026,True,1
portsmouth,Thursday 15 October 2026,True,0
portsmouth,Friday 16 October 2026,True,0
portsmouth,Saturday 17 October 2026,True,0
portsmouth,Sunday 18 October 2026,True,0
preston,Monday 5 October 2026,True,0
preston,Tuesday 6 October 2026,True,3
preston,Wednesday 7 October 2026,True,3
preston,Thursday 8 October 2026,True,0
preston,Friday 9 October 2026,True,0
preston,Saturday 10 October 2026,True,0
preston,Sunday 11 October 2026,True,0
preston,Monday 12 October 2026,True,0
preston,Tuesday 13 October 2026,True,0
preston,Wednesday 14 October 2026,True,0
preston,Thursday 15 October 2026,True,0
preston,Friday 16 October 2026,True,0
preston,Saturday 17 October 2026,True,0
preston,Sunday 18 October 2026,True,0
reading,Monday 5 October 2026,True,0
reading,Tuesday 6 October 2026,True,1
reading,Wednesday 7 October 2026,True,0
reading,Thursday 8 October 2026,True,0
reading,Friday 9 October 2026,True,1
reading,Saturday 10 October 2026,True,0
reading,Sunday 11 October 2026,True,0
reading,Monday 12 October 2026,True,0
reading,Tuesday 13 October 2026,True,5
reading,Wednesday 14 October 2026,True,0
reading,Thursday 15 October 2026,True,3
reading,Friday 16 October 2026,True,4
reading,Saturday 17 October 2026,True,0
reading,Sunday 18 October 2026,True,0
romford,Monday 5 October 2026,True,0
romford,Tuesday 6 October 2026,True,3
romford,Wednesday 7 October 2026,True,0
romford,Thursday 8 October 2026,True,4
romford,Friday 9 October 2026,True,0
romford,Saturday 10 October 2026,True,0
romford,Sunday 11 October 2026,True,0
romford,Monday 12 October 2026,True,0
romford,Tuesday 13 October 2026,True,0
romford,Wednesday 14 October 2026,True,0
romford,Thursday 15 October 2026,True,0
romford,Friday 16 October 2026,True,0
romford,Saturday 17 October 2026,True,0
romford,Sunday 18 October 2026,True,0
rugby,Monday 5 October 2026,True,0
rugby,Tuesday 6 October 2026,True,0
rugby,Wednesday 7 October 2026,True,0
rugby,Thursday 8 October 2026,True,0
rugby,Friday 9 October 2026,True,0
rugby,Saturday 10 October 2026,True,0
rugby,Sunday 11 October 2026,True,0
rugby,Monday 12 October 2026,True,0
rugby,Tuesday 13 October 2026,True,1
rugby,Wednesday 14 October 2026,True,3
rugby,Thursday 15 October 2026,True,4
rugby,Friday 16 October 2026,True,2
rugby,Saturday 17 October 2026,True,0
rugby,Sunday 18 October 2026,True,0
sheffield,Monday 5 October 2026,True,0
sheffield,Tuesday 6 October 2026,True,0
sheffield,Wednesday 7 October 2026,True,3
sheffield,Thursday 8 October 2026,True,4
sheffield,Friday 9 October 2026,True,0
sheffield,Saturday 10 October 2026,True,0
sheffield,Sunday 11 October 2026,True,0
sheffield,Monday 12 October 2026,True,5
sheffield,Tuesday 13 October 2026,True,1
sheffield,Wednesday 14 October 2026,True,6
sheffield,Thursday 15 October 2026,True,3
sheffield,Friday 16 October 2026,True,3
sheffield,Saturday 17 October 2026,True,0
sheffield,Sunday 18 October 2026,True,0
shipley,Monday 5 October 2026,True,0
shipley,Tuesday 6 October 2026,True,0
shipley,Wednesday 7 October 2026,True,0
shipley,Thursday 8 October 2026,True,0
shipley,Friday 9 October 2026,True,0
shipley,Saturday 10 October 2026,True,0
shipley,Sunday 11 October 2026,True,0
shipley,Monday 12 October 2026,True,4
shipley,Tuesday 13 October 2026,True,0
shipley,Wednesday 14 October 2026,True,0
shipley,Thursday 15 October 2026,True,4
shipley,Friday 16 October 2026,True,2
shipley,Saturday 17 October 2026,True,0
shipley,Sunday 18 October 2026,True,0
shoreditch,Monday 5 October 2026,True,0
shoreditch,Tuesday 6 October 2026,True,0
shoreditch,Wednesday 7 October 2026,True,0
shoreditch,Thursday 8 October 2026,True,0
shoreditch,Friday 9 October 2026,True,1
shoreditch,Saturday 10 October 2026,True,0
shoreditch,Sunday 11 October 2026,True,0
shoreditch,Monday 12 October 2026,True,0
shoreditch,Tuesday 13 October 2026,True,1
shoreditch,Wednesday 14 October 2026,True,0
shoreditch,Thursday 15 October 2026,True,0
shoreditch,Friday 16 October 2026,True,0
shoreditch,Saturday 17 October 2026,True,0
shoreditch,Sunday 18 October 2026,True,0
shrewsbury,Monday 5 October 2026,True,0
shrewsbury,Tuesday 6 October 2026,True,1
shrewsbury,Wednesday 7 October 2026,True,0
shrewsbury,Thursday 8 October 2026,True,0
shrewsbury,Friday 9 October 2026,True,0
shrewsbury,Saturday 10 October 2026,True,0
shrewsbury,Sunday 11 October 2026,True,0
shrewsbury,Monday 12 October 2026,True,1
shrewsbury,Tuesday 13 October 2026,True,3
shrewsbury,Wednesday 14 October 2026,True,1
shrewsbury,Thursday 15 October 2026,True,3
shrewsbury,Friday 16 October 2026,True,1
shrewsbury,Saturday 17 October 2026,True,0
shrewsbury,Sunday 18 October 2026,True,0
st-albans,Monday 5 October 2026,True,0
st-albans,Tuesday 6 October 2026,True,0
st-albans,Wednesday 7 October 2026,True,3
st-albans,Thursday 8 October 2026,True,6
st-albans,Friday 9 October 2026,True,0
st-albans,Saturday 10 October 2026,True,0
st-albans,Sunday 11 October 2026,True,0
st-albans,Monday 12 October 2026,True,3
st-albans,Tuesday 13 October 2026,True,4
st-albans,Wednesday 14 October 2026,True,2
st-albans,Thursday 15 October 2026,True,5
st-albans,Friday 16 October 2026,True,4
st-albans,Saturday 17 October 2026,True,0
st-albans,Sunday 18 October 2026,True,0
stockley-park,Monday 5 October 2026,True,0
stockley-park,Tuesday 6 October 2026,True,0
stockley-park,Wednesday 7 October 2026,True,0
stockley-park,Thursday 8 October 2026,True,0
stockley-park,Friday 9 October 2026,True,0
stockley-park,Saturday 10 October 2026,True,0
stockley-park,Sunday 11 October 2026,True,0
stockley-park,Monday 12 October 2026,True,0
stockley-park,Tuesday 13 October 2026,True,0
stockley-park,Wednesday 14 October 2026,True,0
stockley-park,Thursday 15 October 2026,True,0
stockley-park,Friday 16 October 2026,True,0
stockley-park,Saturday 17 October 2026,True,0
stockley-park,Sunday 18 October 2026,True,0
stoke-poges,Monday 5 October 2026,True,0
stoke-poges,Tuesday 6 October 2026,True,0
stoke-poges,Wednesday 7 October 2026,True,0
stoke-poges,Thursday 8 October 2026,True,0
stoke-poges,Friday 9 October 2026,True,0
stoke-poges,Saturday 10 October 2026,True,0
stoke-poges,Sunday 11 October 2026,True,0
stoke-poges,Monday 12 October 2026,True,0
stoke-poges,Tuesday 13 October 2026,True,0
stoke-poges,Wednesday 14 October 2026,True,2
stoke-poges,Thursday 15 October 2026,True,4
stoke-poges,Friday 16 October 2026,True,3
stoke-poges,Saturday 17 October 2026,True,0
stoke-poges,Sunday 18 October 2026,True,0
sunbury,Monday 5 October 2026,True,0
sunbury,Tuesday 6 October 2026,True,0
sunbury,Wednesday 7 October 2026,True,0
sunbury,Thursday 8 October 2026,True,0
sunbury,Friday 9 October 2026,True,0
sunbury,Saturday 10 October 2026,True,0
sunbury,Sunday 11 October 2026,True,0
sunbury,Monday 12 October 2026,True,0
sunbury,Tuesday 13 October 2026,True,0
sunbury,Wednesday 14 October 2026,True,0
sunbury,Thursday 15 October 2026,True,0
sunbury,Friday 16 October 2026,True,0
sunbury,Saturday 17 October 2026,True,0
sunbury,Sunday 18 October 2026,True,0
surbiton,Monday 5 October 2026,True,0
surbiton,Tuesday 6 October 2026,True,3
surbiton,Wednesday 7 October 2026,True,4
surbiton,Thursday 8 October 2026,True,7
surbiton,Friday 9 October 2026,True,6
surbiton,Saturday 10 October 2026,True,0
surbiton,Sunday 11 October 2026,True,0
surbiton,Monday 12 October 2026,True,4
surbiton,Tuesday 13 October 2026,True,4
surbiton,Wednesday 14 October 2026,True,7
surbiton,Thursday 15 October 2026,True,6
surbiton,Friday 16 October 2026,True,6
surbiton,Saturday 17 October 2026,True,0
surbiton,Sunday 18 October 2026,True,0
swindon,Monday 5 October 2026,True,0
swindon,Tuesday 6 October 2026,True,0
swindon,Wednesday 7 October 2026,True,0
swindon,Thursday 8 October 2026,True,0
swindon,Friday 9 October 2026,True,0
swindon,Saturday 10 October 2026,True,0
swindon,Sunday 11 October 2026,True,0
swindon,Monday 12 October 2026,True,0
swindon,Tuesday 13 October 2026,True,0
swindon,Wednesday 14 October 2026,True,0
swindon,Thursday 15 October 2026,True,0
swindon,Friday 16 October 2026,True,0
swindon,Saturday 17 October 2026,True,0
swindon,Sunday 18 October 2026,True,0
taunton-gym,Monday 5 October 2026,True,0
taunton-gym,Tuesday 6 October 2026,True,0
taunton-gym,Wednesday 7 October 2026,True,0
taunton-gym,Thursday 8 October 2026,True,0
taunton-gym,Friday 9 October 2026,True,0
taunton-gym,Saturday 10 October 2026,True,0
taunton-gym,Sunday 11 October 2026,True,0
taunton-gym,Monday 12 October 2026,True,0
taunton-gym,Tuesday 13 October 2026,True,0
taunton-gym,Wednesday 14 October 2026,True,0
taunton-gym,Thursday 15 October 2026,True,0
taunton-gym,Friday 16 October 2026,True,0
taunton-gym,Saturday 17 October 2026,True,0
taunton-gym,Sunday 18 October 2026,True,0
taunton,Monday 5 October 2026,True,0
taunton,Tuesday 6 October 2026,True,0
taunton,Wednesday 7 October 2026,True,0
taunton,Thursday 8 October 2026,True,0
taunton,Friday 9 October 2026,True,0
taunton,Saturday 10 October 2026,True,0
taunton,Sunday 11 October 2026,True,0
taunton,Monday 12 October 2026,True,0
taunton,Tuesday 13 October 2026,True,0
taunton,Wednesday 14 October 2026,True,0
taunton,Thursday 15 October 2026,True,0
taunton,Friday 16 October 2026,True,0
taunton,Saturday 17 October 2026,True,0
taunton,Sunday 18 October 2026,True,0
tees,Monday 5 October 2026,True,0
tees,Tuesday 6 October 2026,True,0
tees,Wednesday 7 October 2026,True,0
tees,Thursday 8 October 2026,True,0
tees,Friday 9 October 2026,True,1
tees,Saturday 10 October 2026,True,0
tees,Sunday 11 October 2026,True,0
tees,Monday 12 October 2026,True,5
tees,Tuesday 13 October 2026,True,1
tees,Wednesday 14 October 2026,True,3
tees,Thursday 15 October 2026,True,6
tees,Friday 16 October 2026,True,6
tees,Saturday 17 October 2026,True,0
tees,Sunday 18 October 2026,True,0
tunbridge-wells-gym,Monday 5 October 2026,True,0
tunbridge-wells-gym,Tuesday 6 October 2026,True,0
tunbridge-wells-gym,Wednesday 7 October 2026,True,0
tunbridge-wells-gym,Thursday 8 October 2026,True,1
tunbridge-wells-gym,Friday 9 October 2026,True,0
tunbridge-wells-gym,Saturday 10 October 2026,True,0
tunbridge-wells-gym,Sunday 11 October 2026,True,0
tunbridge-wells-gym,Monday 12 October 2026,True,0
tunbridge-wells-gym,Tuesday 13 October 2026,True,0
tunbridge-wells-gym,Wednesday 14 October 2026,True,2
tunbridge-wells-gym,Thursday 15 October 2026,True,2
tunbridge-wells-gym,Friday 16 October 2026,True,0
tunbridge-wells-gym,Saturday 17 October 2026,True,0
tunbridge-wells-gym,Sunday 18 October 2026,True,0
tunbridge-wells,Monday 5 October 2026,True,0
tunbridge-wells,Tuesday 6 October 2026,True,0
tunbridge-wells,Wednesday 7 October 2026,True,0
tunbridge-wells,Thursday 8 October 2026,True,0
tunbridge-wells,Friday 9 October 2026,True,0
tunbridge-wells,Saturday 10 October 2026,True,0
tunbridge-wells,Sunday 11 October 2026,True,0
tunbridge-wells,Monday 12 October 2026,True,0
tunbridge-wells,Tuesday 13 October 2026,True,0
tunbridge-wells,Wednesday 14 October 2026,True,0
tunbridge-wells,Thursday 15 October 2026,True,0
tunbridge-wells,Friday 16 October 2026,True,0
tunbridge-wells,Saturday 17 October 2026,True,0
tunbridge-wells,Sunday 18 October 2026,True,0
wakefield,Monday 5 October 2026,True,2
wakefield,Tuesday 6 October 2026,True,4
wakefield,Wednesday 7 October 2026,True,4
wakefield,Thursday 8 October 2026,True,3
wakefield,Friday 9 October 2026,True,0
wakefield,Saturday 10 October 2026,True,0
wakefield,Sunday 11 October 2026,True,0
wakefield,Monday 12 October 2026,True,6
wakefield,Tuesday 13 October 2026,True,6
wakefield,Wednesday 14 October 2026,True,3
wakefield,Thursday 15 October 2026,True,3
wakefield,Friday 16 October 2026,True,0
wakefield,Saturday 17 October 2026,True,0
wakefield,Sunday 18 October 2026,True,0
london-wandsworth,Monday 5 October 2026,True,0
london-wandsworth,Tuesday 6 October 2026,True,0
london-wandsworth,Wednesday 7 October 2026,True,0
london-wandsworth,Thursday 8 October 2026,True,0
london-wandsworth,Friday 9 October 2026,True,0
london-wandsworth,Saturday 10 October 2026,True,0
london-wandsworth,Sunday 11 October 2026,True,0
london-wandsworth,Monday 12 October 2026,True,0
london-wandsworth,Tuesday 13 October 2026,True,0
london-wandsworth,Wednesday 14 October 2026,True,0
london-wandsworth,Thursday 15 October 2026,True,2
london-wandsworth,Friday 16 October 2026,True,0
london-wandsworth,Saturday 17 October 2026,True,0
london-wandsworth,Sunday 18 October 2026,True,0
wandsworth-southside,Monday 5 October 2026,True,0
wandsworth-southside,Tuesday 6 October 2026,True,0
wandsworth-southside,Wednesday 7 October 2026,True,2
wandsworth-southside,Thursday 8 October 2026,True,0
wandsworth-southside,Friday 9 October 2026,True,0
wandsworth-southside,Saturday 10 October 2026,True,0
wandsworth-southside,Sunday 11 October 2026,True,0
wandsworth-southside,Monday 12 October 2026,True,3
wandsworth-southside,Tuesday 13 October 2026,True,0
wandsworth-southside,Wednesday 14 October 2026,True,1
wandsworth-southside,Thursday 15 October 2026,True,4
wandsworth-southside,Friday 16 October 2026,True,0
wandsworth-southside,Saturday 17 October 2026,True,0
wandsworth-southside,Sunday 18 October 2026,True,0
west-byfleet,Monday 5 October 2026,True,0
west-byfleet,Tuesday 6 October 2026,True,0
west-byfleet,Wednesday 7 October 2026,True,0
west-byfleet,Thursday 8 October 2026,True,0
west-byfleet,Friday 9 October 2026,True,0
west-byfleet,Saturday 10 October 2026,True,0
west-byfleet,Sunday 11 October 2026,True,0
west-byfleet,Monday 12 October 2026,True,0
west-byfleet,Tuesday 13 October 2026,True,0
west-byfleet,Wednesday 14 October 2026,True,0
west-byfleet,Thursday 15 October 2026,True,1
west-byfleet,Friday 16 October 2026,True,0
west-byfleet,Saturday 17 October 2026,True,0
west-byfleet,Sunday 18 October 2026,True,0
weston-super-mare,Monday 5 October 2026,True,0
weston-super-mare,Tuesday 6 October 2026,True,0
weston-super-mare,Wednesday 7 October 2026,True,0
weston-super-mare,Thursday 8 October 2026,True,0
weston-super-mare,Friday 9 October 2026,True,0
weston-super-mare,Saturday 10 October 2026,True,0
weston-super-mare,Sunday 11 October 2026,True,0
weston-super-mare,Monday 12 October 2026,True,0
weston-super-mare,Tuesday 13 October 2026,True,0
weston-super-mare,Wednesday 14 October 2026,True,0
weston-super-mare,Thursday 15 October 2026,True,0
weston-super-mare,Friday 16 October 2026,True,0
weston-super-mare,Saturday 17 October 2026,True,0
weston-super-mare,Sunday 18 October 2026,True,0
woking,Monday 5 October 2026,True,0
woking,Tuesday 6 October 2026,True,0
woking,Wednesday 7 October 2026,True,0
woking,Thursday 8 October 2026,True,0
woking,Friday 9 October 2026,True,0
woking,Saturday 10 October 2026,True,0
woking,Sunday 11 October 2026,True,0
woking,Monday 12 October 2026,True,0
woking,Tuesday 13 October 2026,True,0
woking,Wednesday 14 October 2026,True,1
woking,Thursday 15 October 2026,True,0
woking,Friday 16 October 2026,True,0
woking,Saturday 17 October 2026,True,0
woking,Sunday 18 October 2026,True,0
wolverhampton-gym,Monday 5 October 2026,True,0
wolverhampton-gym,Tuesday 6 October 2026,True,0
wolverhampton-gym,Wednesday 7 October 2026,True,0
wolverhampton-gym,Thursday 8 October 2026,True,0
wolverhampton-gym,Friday 9 October 2026,True,0
wolverhampton-gym,Saturday 10 October 2026,True,0
wolverhampton-gym,Sunday 11 October 2026,True,0
wolverhampton-gym,Monday 12 October 2026,True,0
wolverhampton-gym,Tuesday 13 October 2026,True,0
wolverhampton-gym,Wednesday 14 October 2026,True,0
wolverhampton-gym,Thursday 15 October 2026,True,0
wolverhampton-gym,Friday 16 October 2026,True,0
wolverhampton-gym,Saturday 17 October 2026,True,0
wolverhampton-gym,Sunday 18 October 2026,True,0
wolverhampton,Monday 5 October 2026,True,0
wolverhampton,Tuesday 6 October 2026,True,0
wolverhampton,Wednesday 7 October 2026,True,0
wolverhampton,Thursday 8 October 2026,True,0
wolverhampton,Friday 9 October 2026,True,0
wolverhampton,Saturday 10 October 2026,True,0
wolverhampton,Sunday 11 October 2026,True,0
wolverhampton,Monday 12 October 2026,True,0
wolverhampton,Tuesday 13 October 2026,True,0
wolverhampton,Wednesday 14 October 2026,True,0
wolverhampton,Thursday 15 October 2026,True,0
wolverhampton,Friday 16 October 2026,True,0
wolverhampton,Saturday 17 October 2026,True,2
wolverhampton,Sunday 18 October 2026,True,0
york,Monday 5 October 2026,True,0
york,Tuesday 6 October 2026,True,0
york,Wednesday 7 October 2026,True,0
york,Thursday 8 October 2026,True,1
york,Friday 9 October 2026,True,0
york,Saturday 10 October 2026,True,0
york,Sunday 11 October 2026,True,0
york,Monday 12 October 2026,True,1
york,Tuesday 13 October 2026,True,5
york,Wednesday 14 October 2026,True,2
york,Thursday 15 October 2026,True,2
york,Friday 16 October 2026,True,1
york,Saturday 17 October 2026,True,0
york,Sunday 18 October 2026,True,0
barbican-medical-centre,Monday 5 October 2026,True,0
barbican-medical-centre,Tuesday 6 October 2026,True,0
barbican-medical-centre,Wednesday 7 October 2026,True,1
barbican-medical-centre,Thursday 8 October 2026,True,0
barbican-medical-centre,Friday 9 October 2026,True,5
barbican-medical-centre,Saturday 10 October 2026,True,0
barbican-medical-centre,Sunday 11 October 2026,True,0
barbican-medical-centre,Monday 12 October 2026,True,8
barbican-medical-centre,Tuesday 13 October 2026,True,9
barbican-medical-centre,Wednesday 14 October 2026,True,12
barbican-medical-centre,Thursday 15 October 2026,True,11
barbican-medical-centre,Friday 16 October 2026,True,8
barbican-medical-centre,Saturday 17 October 2026,True,0
barbican-medical-centre,Sunday 18 October 2026,True,0
warwick,Monday 5 October 2026,True,0
warwick,Tuesday 6 October 2026,True,0
warwick,Wednesday 7 October 2026,True,0
warwick,Thursday 8 October 2026,True,0
warwick,Friday 9 October 2026,True,0
warwick,Saturday 10 October 2026,True,0
warwick,Sunday 11 October 2026,True,0
warwick,Monday 12 October 2026,True,0
warwick,Tuesday 13 October 2026,True,0
warwick,Wednesday 14 October 2026,True,0
warwick,Thursday 15 October 2026,True,1
warwick,Friday 16 October 2026,True,0
warwick,Saturday 17 October 2026,True,7
warwick,Sunday 18 October 2026,True,0
hertford,Monday 5 October 2026,True,0
hertford,Tuesday 6 October 2026,True,0
hertford,Wednesday 7 October 2026,True,0
hertford,Thursday 8 October 2026,True,0
hertford,Friday 9 October 2026,True,0
hertford,Saturday 10 October 2026,True,0
hertford,Sunday 11 October 2026,True,0
hertford,Monday 12 October 2026,True,0
hertford,Tuesday 13 October 2026,True,0
hertford,Wednesday 14 October 2026,True,0
hertford,Thursday 15 October 2026,True,0
hertford,Friday 16 October 2026,True,0
hertford,Saturday 17 October 2026,True,0
hertford,Sunday 18 October 2026,True,0
medway,Monday 5 October 2026,True,0
medway,Tuesday 6 October 2026,True,0
medway,Wednesday 7 October 2026,True,0
medway,Thursday 8 October 2026,True,1
medway,Friday 9 October 2026,True,2
medway,Saturday 10 October 2026,True,0
medway,Sunday 11 October 2026,True,0
medway,Monday 12 October 2026,True,4
medway,Tuesday 13 October 2026,True,0
medway,Wednesday 14 October 2026,True,0
medway,Thursday 15 October 2026,True,2
medway,Friday 16 October 2026,True,1
medway,Saturday 17 October 2026,True,0
medway,Sunday 18 October 2026,True,0
wimbledon,Monday 5 October 2026,True,0
wimbledon,Tuesday 6 October 2026,True,0
wimbledon,Wednesday 7 October 2026,True,0
wimbledon,Thursday 8 October 2026,True,0
wimbledon,Friday 9 October 2026,True,0
wimbledon,Saturday 10 October 2026,True,0
wimbledon,Sunday 11 October 2026,True,0
wimbledon,Monday 12 October 2026,True,0
wimbledon,Tuesday 13 October 2026,True,0
wimbledon,Wednesday 14 October 2026,True,0
wimbledon,Thursday 15 October 2026,True,0
wimbledon,Friday 16 October 2026,True,0
wimbledon,Saturday 17 October 2026,True,0
wimbledon,Sunday 18 October 2026,True,0
birmingham-rubery,Monday 5 October 2026,True,0
birmingham-rubery,Tuesday 6 October 2026,True,0
birmingham-rubery,Wednesday 7 October 2026,True,1
birmingham-rubery,Thursday 8 October 2026,True,0
birmingham-rubery,Friday 9 October 2026,True,0
birmingham-rubery,Saturday 10 October 2026,True,0
birmingham-rubery,Sunday 11 October 2026,True,0
birmingham-rubery,Monday 12 October 2026,True,2
birmingham-rubery,Tuesday 13 October 2026,True,0
birmingham-rubery,Wednesday 14 October 2026,True,7
birmingham-rubery,Thursday 15 October 2026,True,0
birmingham-rubery,Friday 16 October 2026,True,0
birmingham-rubery,Saturday 17 October 2026,True,0
birmingham-rubery,Sunday 18 October 2026,True,0
