site_slug,status,total_slots_found,next_available_date,days_until_available,physio_count_with_availability,actual_booking_url
aberdeen,error,0,,,0,https://book.nuffieldhealth.com/physio/appointments/aberdeen
aylesbury,error,0,,,0,https://book.nuffieldhealth.com/physio/appointments/aylesbury
london-battersea,error,0,,,0,https://book.nuffieldhealth.com/physio/appointments/london-battersea
london-bloomsbury,has_availability,2,Friday 02 October 2026,1.0,1,https://book.nuffieldhealth.com/physio/appointments/bloomsbury-london
bolton,has_availability,8,Tuesday 06 October 2026,5.0,1,https://book.nuffieldhealth.com/physio/appointments/bolton
bournemouth,zero_availability,0,,,0,https://book.nuffieldhealth.com/physio/appointments/bournemouth
brentwood,zero_availability,0,,,0,https://book.nuffieldhealth.com/physio/appointments/brentwood
brighton,has_availability,18,Friday 02 October 2026,1.0,2,https://book.nuffieldhealth.com/physio/appointments/brighton
bristol-clifton,has_availability,11,Monday 12 October 2026,11.0,4,https://book.nuffieldhealth.com/physio/appointments/bristol-gym
bristol,zero_availability,0,,,0,https://book.nuffieldhealth.com/physio/appointments/bristol-hospital
bristol-north,has_availability,14,Wednesday 07 October 2026,6.0,3,https://book.nuffieldhealth.com/physio/appointments/bristol-north
bromley,has_availability,29,Monday 05 October 2026,4.0,1,https://book.nuffieldhealth.com/physio/appointments/bromley
brondesbury-park,zero_availability,0,,,0,https://book.nuffieldhealth.com/physio/appointments/brondesbury-park-london
cambridge-gym,zero_availability,0,,,0,https://book.nuffieldhealth.com/physio/appointments/cambridge-gym
cannock,zero_availability,0,,,0,https://book.nuffieldhealth.com/physio/appointments/cannock
cardiff-bay,has_availability,39,Friday 02 October 2026,1.0,5,https://book.nuffieldhealth.com/physio/appointments/cardiff-bay
chelmsford,has_availability,14,Friday 02 October 2026,1.0,1,https://book.nuffieldhealth.com/physio/appointments/chelmsford
cheltenham,has_availability,55,Thursday 01 October 2026,0.0,8,https://book.nuffieldhealth.com/physio/appointments/cheltenham
chester,zero_availability,0,,,0,https://book.nuffieldhealth.com/physio/appointments/chester
chesterfield,zero_availability,0,,,0,https://book.nuffieldhealth.com/physio/appointments/chesterfield
chichester,has_availability,21,Monday 05 October 2026,4.0,3,https://book.nuffieldhealth.com/physio/appointments/chichester
chigwell,zero_availability,0,,,0,https://book.nuffieldhealth.com/physio/appointments/chigwell
chingford,has_availability,12,Tuesday 06 October 2026,5.0,1,https://book.nuffieldhealth.com/physio/appointments/chingford
chislehurst,zero_availability,0,,,0,https://book.nuffieldhealth.com/physio/appointments/chislehurst
cottingley,has_availability,11,Wednesday 07 October 2026,6.0,1,https://book.nuffieldhealth.com/physio/appointments/cottingley
covent-garden,has_availability,49,Friday 02 October 2026,1.0,2,https://book.nuffieldhealth.com/physio/appointments/covent-garden-london
crawley,has_availability,38,Friday 02 October 2026,1.0,2,https://book.nuffieldhealth.com/physio/appointments/crawley
croydon,zero_availability,0,,,0,https://book.nuffieldhealth.com/physio/appointments/croydon
croydon-central,has_availability,6,Tuesday 06 October 2026,5.0,1,https://book.nuffieldhealth.com/physio/appointments/croydon-central
cwmbran,has_availability,6,Wednesday 07 October 2026,6.0,1,https://book.nuffieldhealth.com/physio/appointments/cwmbran
derby-gym,has_availability,13,Friday 02 October 2026,1.0,3,https://book.nuffieldhealth.com/physio/appointments/derby-gym
derby,has_availability,3,Thursday 08 October 2026,7.0,1,https://book.nuffieldhealth.com/physio/appointments/derby
devonshire,error,0,,,0,https://book.nuffieldhealth.com/physio/appointments/devonshire
didsbury,has_availability,15,Wednesday 07 October 2026,6.0,2,https://book.nuffieldhealth.com/physio/appointments/didsbury
ealing,zero_availability,0,,,0,https://book.nuffieldhealth.com/physio/appointments/ealing
east-kilbride,zero_availability,0,,,0,https://book.nuffieldhealth.com/physio/appointments/east-kilbride
edinburgh,has_availability,19,Friday 02 October 2026,1.0,2,https://book.nuffieldhealth.com/physio/appointments/edinburgh
edinburgh-fountain-park,error,0,,,0,https://book.nuffieldhealth.com/physio/appointments/edinburgh-fountain-park
edinburgh-omni,has_availability,15,Tuesday 06 October 2026,5.0,2,https://book.nuffieldhealth.com/physio/appointments/edinburgh-omni
enfield,has_availability,20,Friday 02 October 2026,1.0,1,https://book.nuffieldhealth.com/physio/appointments/enfield
exeter,zero_availability,0,,,0,https://book.nuffieldhealth.com/physio/appointments/exeter
farnborough,has_availability,10,Tuesday 06 October 2026,5.0,1,https://book.nuffieldhealth.com/physio/appointments/farnborough
farnham,zero_availability,0,,,0,https://book.nuffieldhealth.com/physio/appointments/farnham
friern-barnet-london,zero_availability,0,,,0,https://book.nuffieldhealth.com/physio/appointments/friern-barnet-london
glasgow-giffnock,zero_availability,0,,,0,https://book.nuffieldhealth.com/physio/appointments/glasgow-giffnock
glasgow,has_availability,23,Wednesday 07 October 2026,6.0,2,https://book.nuffieldhealth.com/physio/appointments/glasgow-gym
glasgow-hospital,has_availability,11,Monday 12 October 2026,11.0,3,https://book.nuffieldhealth.com/physio/appointments/glasgow-hospital
gloucester,has_availability,32,Monday 05 October 2026,4.0,2,https://book.nuffieldhealth.com/physio/appointments/gloucester
gosforth,zero_availability,0,,,0,https://book.nuffieldhealth.com/physio/appointments/gosforth
guildford-gym,has_availability,7,Tuesday 06 October 2026,5.0,3,https://book.nuffieldhealth.com/physio/appointments/guildford-gym
guildford,has_availability,10,Tuesday 06 October 2026,5.0,2,https://book.nuffieldhealth.com/physio/appointments/guildford-hospital
guiseley,zero_availability,0,,,0,https://book.nuffieldhealth.com/physio/appointments/guiseley
hampshire,has_availability,3,Wednesday 14 October 2026,13.0,1,https://book.nuffieldhealth.com/physio/appointments/hampshire
harrogate,has_availability,39,Friday 02 October 2026,1.0,2,https://book.nuffieldhealth.com/physio/appointments/harrogate
haywards-heath,has_availability,13,Friday 02 October 2026,1.0,2,https://book.nuffieldhealth.com/physio/appointments/haywards-heath
hemel-hempstead,has_availability,1,Wednesday 14 October 2026,13.0,1,https://book.nuffieldhealth.com/physio/appointments/hemel-hempstead
london-hendon,zero_availability,0,,,0,https://book.nuffieldhealth.com/physio/appointments/hendon-london
hereford,has_availability,6,Tuesday 13 October 2026,12.0,1,https://book.nuffieldhealth.com/physio/appointments/hereford
ilford,has_availability,4,Wednesday 07 October 2026,6.0,1,https://book.nuffieldhealth.com/physio/appointments/ilford
ipswich,zero_availability,0,,,0,https://book.nuffieldhealth.com/physio/appointments/ipswich
islington-london,zero_availability,0,,,0,https://book.nuffieldhealth.com/physio/appointments/islington-london
kingston,has_availability,24,Monday 05 October 2026,4.0,2,https://book.nuffieldhealth.com/physio/appointments/kingston
leamington-spa,zero_availability,0,,,0,https://book.nuffieldhealth.com/physio/appointments/leamington-spa
leatherhead,has_availability,3,Thursday 08 October 2026,7.0,1,https://book.nuffieldhealth.com/physio/appointments/leatherhead
leeds-gym,zero_availability,0,,,0,https://book.nuffieldhealth.com/physio/appointments/leeds-gym
leeds,has_availability,26,Tuesday 06 October 2026,5.0,7,https://book.nuffieldhealth.com/physio/appointments/leeds
leicester-gym,zero_availability,0,,,0,https://book.nuffieldhealth.com/physio/appointments/leicester-gym
leicester,zero_availability,0,,,0,https://book.nuffieldhealth.com/physio/appointments/leicester-hospital
letchworth,has_availability,9,Tuesday 06 October 2026,5.0,2,https://book.nuffieldhealth.com/physio/appointments/letchworth
liverpool,has_availability,36,Tuesday 06 October 2026,5.0,2,https://book.nuffieldhealth.com/physio/appointments/liverpool
london-canary-wharf,zero_availability,0,,,0,https://book.nuffieldhealth.com/physio/appointments/canary-wharf-medical-centre-london
london-city,has_availability,38,Friday 02 October 2026,1.0,3,https://book.nuffieldhealth.com/physio/appointments/city-gym-london
london-west-end,has_availability,20,Wednesday 07 October 2026,6.0,2,https://book.nuffieldhealth.com/physio/appointments/west-end-london
mihp,has_availability,15,Monday 05 October 2026,4.0,1,https://book.nuffieldhealth.com/physio/appointments/mihp
manchester-printworks,has_availability,11,Monday 05 October 2026,4.0,1,https://book.nuffieldhealth.com/physio/appointments/manchester-printworks-gym
milngavie,has_availability,4,Friday 09 October 2026,8.0,1,https://book.nuffieldhealth.com/physio/appointments/milngavie
milton-keynes,has_availability,12,Tuesday 06 October 2026,5.0,1,https://book.nuffieldhealth.com/physio/appointments/milton-keynes
moorgate,has_availability,22,Wednesday 07 October 2026,6.0,3,https://book.nuffieldhealth.com/physio/appointments/moorgate-london
newbury,has_availability,2,Thursday 08 October 2026,7.0,2,https://book.nuffieldhealth.com/physio/appointments/newbury
newcastle,has_availability,31,Tuesday 06 October 2026,5.0,7,https://book.nuffieldhealth.com/physio/appointments/newcastle
newcastle-under-lyme,zero_availability,0,,,0,https://book.nuffieldhealth.com/physio/appointments/newcastle-under-lyme
norbury,zero_availability,0,,,0,https://book.nuffieldhealth.com/physio/appointments/norbury
northampton,zero_availability,0,,,0,https://book.nuffieldhealth.com/physio/appointments/northampton
norwich,has_availability,17,Saturday 03 October 2026,2.0,1,https://book.nuffieldhealth.com/physio/appointments/norwich
nottingham,has_availability,29,Friday 02 October 2026,1.0,3,https://book.nuffieldhealth.com/physio/appointments/nottingham
nuneaton,has_availability,1,Wednesday 14 October 2026,13.0,1,https://book.nuffieldhealth.com/physio/appointments/nuneaton
oxford,zero_availability,0,,,0,https://book.nuffieldhealth.com/physio/appointments/oxford
oxfordshire,zero_availability,0,,,0,https://book.nuffieldhealth.com/physio/appointments/oxfordshire
london-paddington,has_availability,26,Friday 02 October 2026,1.0,2,https://book.nuffieldhealth.com/physio/appointments/paddington-london
plymouth,has_availability,14,Monday 05 October 2026,4.0,1,https://book.nuffieldhealth.com/physio/appointments/plymouth-gym
portsmouth,error,0,,,0,https://book.nuffieldhealth.com/physio/appointments/portsmouth
preston,error,0,,,0,https://book.nuffieldhealth.com/physio/appointments/preston
reading,error,0,,,0,https://book.nuffieldhealth.com/physio/appointments/reading
romford,has_availability,9,Tuesday 06 October 2026,5.0,1,https://book.nuffieldhealth.com/physio/appointments/romford
rugby,has_availability,13,Wednesday 07 October 2026,6.0,1,https://book.nuffieldhealth.com/physio/appointments/rugby
sheffield,has_availability,28,Friday 02 October 2026,1.0,2,https://book.nuffieldhealth.com/physio/appointments/sheffield
shipley,has_availability,10,Thursday 08 October 2026,7.0,1,https://book.nuffieldhealth.com/physio/appointments/shipley
shoreditch,has_availability,6,Friday 09 October 2026,8.0,1,https://book.nuffieldhealth.com/physio/appointments/shoreditch-london
shrewsbury,has_availability,13,Thursday 08 October 2026,7.0,2,https://book.nuffieldhealth.com/physio/appointments/shrewsbury
st-albans,has_availability,35,Friday 02 October 2026,1.0,2,https://book.nuffieldhealth.com/physio/appointments/st-albans
stockley-park,zero_availability,0,,,0,https://book.nuffieldhealth.com/physio/appointments/stockley-park
stoke-poges,has_availability,13,Tuesday 06 October 2026,5.0,1,https://book.nuffieldhealth.com/physio/appointments/stoke-poges
sunbury,zero_availability,0,,,0,https://book.nuffieldhealth.com/physio/appointments/sunbury
surbiton,has_availability,44,Thursday 01 October 2026,0.0,2,https://book.nuffieldhealth.com/physio/appointments/surbiton
swindon,zero_availability,0,,,0,https://book.nuffieldhealth.com/physio/appointments/swindon
taunton-gym,zero_availability,0,,,0,https://book.nuffieldhealth.com/physio/appointments/taunton-gym
taunton,zero_availability,0,,,0,https://book.nuffieldhealth.com/physio/appointments/taunton-hospital
tees,has_availability,16,Monday 05 October 2026,4.0,3,https://book.nuffieldhealth.com/physio/appointments/tees
telford,has_availability,1,Wednesday 14 October 2026,13.0,1,https://book.nuffieldhealth.com/physio/appointments/telford
the-vale,has_availability,32,Friday 02 October 2026,1.0,6,https://book.nuffieldhealth.com/physio/appointments/the-vale
tunbridge-wells-gym,has_availability,4,Wednesday 14 October 2026,13.0,1,https://book.nuffieldhealth.com/physio/appointments/tunbridge-wells-gym
tunbridge-wells,has_availability,1,Tuesday 06 October 2026,5.0,1,https://book.nuffieldhealth.com/physio/appointments/tunbridge-wells-hospital
wakefield,has_availability,36,Monday 05 October 2026,4.0,2,https://book.nuffieldhealth.com/physio/appointments/wakefield
london-wandsworth,has_availability,3,Tuesday 13 October 2026,12.0,1,https://book.nuffieldhealth.com/physio/appointments/wandsworth-london
wandsworth-southside,has_availability,9,Wednesday 07 October 2026,6.0,1,https://book.nuffieldhealth.com/physio/appointments/wandsworth-southside
west-byfleet,zero_availability,0,,,0,https://book.nuffieldhealth.com/physio/appointments/west-byfleet
weston-super-mare,has_availability,1,Wednesday 14 October 2026,13.0,1,https://book.nuffieldhealth.com/physio/appointments/weston-super-mare
woking,zero_availability,0,,,0,https://book.nuffieldhealth.com/physio/appointments/woking
wolverhampton-gym,zero_availability,0,,,0,https://book.nuffieldhealth.com/physio/appointments/wolverhampton-gym
wolverhampton,has_availability,2,Saturday 03 October 2026,2.0,1,https://book.nuffieldhealth.com/physio/appointments/wolverhampton-hospital
york,has_availability,13,Monday 12 October 2026,11.0,2,https://book.nuffieldhealth.com/physio/appointments/york
barbican-medical-centre,has_availability,55,Friday 02 October 2026,1.0,3,https://book.nuffieldhealth.com/physio/appointments/barbican-medical-centre
warwick,zero_availability,0,,,0,https://book.nuffieldhealth.com/physio/appointments/warwick
hertford,zero_availability,0,,,0,https://book.nuffieldhealth.com/physio/appointments/hertford
medway,has_availability,10,Monday 05 October 2026,4.0,1,https://book.nuffieldhealth.com/physio/appointments/medway
wimbledon,zero_availability,0,,,0,https://book.nuffieldhealth.com/physio/appointments/wimbledon
birmingham-rubery,has_availability,13,Wednesday 07 October 2026,6.0,1,https://book.nuffieldhealth.com/physio/appointments/birmingham
